Country Name,Country Code,Indicator Name,Indicator Code,1960,1961,1962,1963,1964,1965,1966,1967,1968,1969,1970,1971,1972,1973,1974,1975,1976,1977,1978,1979,1980,1981,1982,1983,1984,1985,1986,1987,1988,1989,1990,1991,1992,1993,1994,1995,1996,1997,1998,1999,2000,2001,2002,2003,2004,2005,2006,2007,2008,2009,2010,2011,2012,2013,2014,2015,2016,2017,2018
Aruba,ABW,"Mortality caused by road traffic injury (per 100,000 people)",SH.STA.TRAF.P5,,,,,,,,,,,,,,,,,,,,,,,,,,,,,,,,,,,,,,,,,,,,,,,,,,,,,,,,,,,
Afghanistan,AFG,"Mortality caused by road traffic injury (per 100,000 people)",SH.STA.TRAF.P5,,,,,,,,,,,,,,,,,,,,,,,,,,,,,,,,,,,,,,,,,15.5,,,,,15.3,,,,,15.3,,,,,15.2,,,
Angola,AGO,"Mortality caused by road traffic injury (per 100,000 people)",SH.STA.TRAF.P5,,,,,,,,,,,,,,,,,,,,,,,,,,,,,,,,,,,,,,,,,20,,,,,20.5,,,,,20.8,,,,,24.4,,,
Albania,ALB,"Mortality caused by road traffic injury (per 100,000 people)",SH.STA.TRAF.P5,,,,,,,,,,,,,,,,,,,,,,,,,,,,,,,,,,,,,,,,,15.4,,,,,15.9,,,,,15.4,,,,,13.6,,,
Andorra,AND,"Mortality caused by road traffic injury (per 100,000 people)",SH.STA.TRAF.P5,,,,,,,,,,,,,,,,,,,,,,,,,,,,,,,,,,,,,,,,,,,,,,,,,,,,,,,,,,,
Arab World,ARB,"Mortality caused by road traffic injury (per 100,000 people)",SH.STA.TRAF.P5,,,,,,,,,,,,,,,,,,,,,,,,,,,,,,,,,,,,,,,,,19.31631623,,,,,19.82569186,,,,,20.62639863,,,,,19.78455332,,,
United Arab Emirates,ARE,"Mortality caused by road traffic injury (per 100,000 people)",SH.STA.TRAF.P5,,,,,,,,,,,,,,,,,,,,,,,,,,,,,,,,,,,,,,,,,9.6,,,,,20.6,,,,,11.7,,,,,9.8,,,
Argentina,ARG,"Mortality caused by road traffic injury (per 100,000 people)",SH.STA.TRAF.P5,,,,,,,,,,,,,,,,,,,,,,,,,,,,,,,,,,,,,,,,,11.4,,,,,11.3,,,,,12.9,,,,,14.1,,,
Armenia,ARM,"Mortality caused by road traffic injury (per 100,000 people)",SH.STA.TRAF.P5,,,,,,,,,,,,,,,,,,,,,,,,,,,,,,,,,,,,,,,,,19.8,,,,,16.6,,,,,16,,,,,15.7,,,
American Samoa,ASM,"Mortality caused by road traffic injury (per 100,000 people)",SH.STA.TRAF.P5,,,,,,,,,,,,,,,,,,,,,,,,,,,,,,,,,,,,,,,,,,,,,,,,,,,,,,,,,,,
Antigua and Barbuda,ATG,"Mortality caused by road traffic injury (per 100,000 people)",SH.STA.TRAF.P5,,,,,,,,,,,,,,,,,,,,,,,,,,,,,,,,,,,,,,,,,8.9,,,,,5.9,,,,,5.7,,,,,11.5,,,
Australia,AUS,"Mortality caused by road traffic injury (per 100,000 people)",SH.STA.TRAF.P5,,,,,,,,,,,,,,,,,,,,,,,,,,,,,,,,,,,,,,,,,9.5,,,,,8.1,,,,,6.4,,,,,5.4,,,
Austria,AUT,"Mortality caused by road traffic injury (per 100,000 people)",SH.STA.TRAF.P5,,,,,,,,,,,,,,,,,,,,,,,,,,,,,,,,,,,,,,,,,12.2,,,,,9.3,,,,,6.7,,,,,5.7,,,
Azerbaijan,AZE,"Mortality caused by road traffic injury (per 100,000 people)",SH.STA.TRAF.P5,,,,,,,,,,,,,,,,,,,,,,,,,,,,,,,,,,,,,,,,,8,,,,,13.8,,,,,11,,,,,10,,,
Burundi,BDI,"Mortality caused by road traffic injury (per 100,000 people)",SH.STA.TRAF.P5,,,,,,,,,,,,,,,,,,,,,,,,,,,,,,,,,,,,,,,,,29.9,,,,,30.9,,,,,31.5,,,,,32.7,,,
Belgium,BEL,"Mortality caused by road traffic injury (per 100,000 people)",SH.STA.TRAF.P5,,,,,,,,,,,,,,,,,,,,,,,,,,,,,,,,,,,,,,,,,14.8,,,,,11,,,,,8.1,,,,,7.1,,,
Benin,BEN,"Mortality caused by road traffic injury (per 100,000 people)",SH.STA.TRAF.P5,,,,,,,,,,,,,,,,,,,,,,,,,,,,,,,,,,,,,,,,,28,,,,,29.2,,,,,29.8,,,,,27.7,,,
Burkina Faso,BFA,"Mortality caused by road traffic injury (per 100,000 people)",SH.STA.TRAF.P5,,,,,,,,,,,,,,,,,,,,,,,,,,,,,,,,,,,,,,,,,24.9,,,,,29,,,,,30.4,,,,,30.7,,,
Bangladesh,BGD,"Mortality caused by road traffic injury (per 100,000 people)",SH.STA.TRAF.P5,,,,,,,,,,,,,,,,,,,,,,,,,,,,,,,,,,,,,,,,,14,,,,,14.3,,,,,14.1,,,,,12.8,,,
Bulgaria,BGR,"Mortality caused by road traffic injury (per 100,000 people)",SH.STA.TRAF.P5,,,,,,,,,,,,,,,,,,,,,,,,,,,,,,,,,,,,,,,,,12.6,,,,,12.4,,,,,10.5,,,,,7.6,,,
Bahrain,BHR,"Mortality caused by road traffic injury (per 100,000 people)",SH.STA.TRAF.P5,,,,,,,,,,,,,,,,,,,,,,,,,,,,,,,,,,,,,,,,,12.4,,,,,15.8,,,,,10.8,,,,,7.1,,,
"Bahamas, The",BHS,"Mortality caused by road traffic injury (per 100,000 people)",SH.STA.TRAF.P5,,,,,,,,,,,,,,,,,,,,,,,,,,,,,,,,,,,,,,,,,19.2,,,,,16.9,,,,,10.3,,,,,11,,,
Bosnia and Herzegovina,BIH,"Mortality caused by road traffic injury (per 100,000 people)",SH.STA.TRAF.P5,,,,,,,,,,,,,,,,,,,,,,,,,,,,,,,,,,,,,,,,,18.4,,,,,17.3,,,,,17,,,,,16.6,,,
Belarus,BLR,"Mortality caused by road traffic injury (per 100,000 people)",SH.STA.TRAF.P5,,,,,,,,,,,,,,,,,,,,,,,,,,,,,,,,,,,,,,,,,19,,,,,24.3,,,,,22.7,,,,,12.6,,,
Belize,BLZ,"Mortality caused by road traffic injury (per 100,000 people)",SH.STA.TRAF.P5,,,,,,,,,,,,,,,,,,,,,,,,,,,,,,,,,,,,,,,,,30.8,,,,,34.6,,,,,13.5,,,,,21.3,,,
Bermuda,BMU,"Mortality caused by road traffic injury (per 100,000 people)",SH.STA.TRAF.P5,,,,,,,,,,,,,,,,,,,,,,,,,,,,,,,,,,,,,,,,,,,,,,,,,,,,,,,,,,,
Bolivia,BOL,"Mortality caused by road traffic injury (per 100,000 people)",SH.STA.TRAF.P5,,,,,,,,,,,,,,,,,,,,,,,,,,,,,,,,,,,,,,,,,14,,,,,15.1,,,,,16,,,,,23.3,,,
Brazil,BRA,"Mortality caused by road traffic injury (per 100,000 people)",SH.STA.TRAF.P5,,,,,,,,,,,,,,,,,,,,,,,,,,,,,,,,,,,,,,,,,15.9,,,,,18.2,,,,,20.8,,,,,22.6,,,
Barbados,BRB,"Mortality caused by road traffic injury (per 100,000 people)",SH.STA.TRAF.P5,,,,,,,,,,,,,,,,,,,,,,,,,,,,,,,,,,,,,,,,,14.2,,,,,8.8,,,,,8.5,,,,,5.5,,,
Brunei Darussalam,BRN,"Mortality caused by road traffic injury (per 100,000 people)",SH.STA.TRAF.P5,,,,,,,,,,,,,,,,,,,,,,,,,,,,,,,,,,,,,,,,,15.6,,,,,14.2,,,,,7.3,,,,,8,,,
Bhutan,BTN,"Mortality caused by road traffic injury (per 100,000 people)",SH.STA.TRAF.P5,,,,,,,,,,,,,,,,,,,,,,,,,,,,,,,,,,,,,,,,,16.1,,,,,17.3,,,,,17.6,,,,,15,,,
Botswana,BWA,"Mortality caused by road traffic injury (per 100,000 people)",SH.STA.TRAF.P5,,,,,,,,,,,,,,,,,,,,,,,,,,,,,,,,,,,,,,,,,24.5,,,,,22.4,,,,,23.8,,,,,21,,,
Central African Republic,CAF,"Mortality caused by road traffic injury (per 100,000 people)",SH.STA.TRAF.P5,,,,,,,,,,,,,,,,,,,,,,,,,,,,,,,,,,,,,,,,,29.7,,,,,29.8,,,,,29.9,,,,,31.8,,,
Canada,CAN,"Mortality caused by road traffic injury (per 100,000 people)",SH.STA.TRAF.P5,,,,,,,,,,,,,,,,,,,,,,,,,,,,,,,,,,,,,,,,,9.4,,,,,9.4,,,,,7.3,,,,,5.8,,,
Central Europe and the Baltics,CEB,"Mortality caused by road traffic injury (per 100,000 people)",SH.STA.TRAF.P5,,,,,,,,,,,,,,,,,,,,,,,,,,,,,,,,,,,,,,,,,15.88372842,,,,,14.84595956,,,,,10.53708014,,,,,8.64385054,,,
Switzerland,CHE,"Mortality caused by road traffic injury (per 100,000 people)",SH.STA.TRAF.P5,,,,,,,,,,,,,,,,,,,,,,,,,,,,,,,,,,,,,,,,,8.2,,,,,5.4,,,,,4.1,,,,,3.6,,,
Channel Islands,CHI,"Mortality caused by road traffic injury (per 100,000 people)",SH.STA.TRAF.P5,,,,,,,,,,,,,,,,,,,,,,,,,,,,,,,,,,,,,,,,,,,,,,,,,,,,,,,,,,,
Chile,CHL,"Mortality caused by road traffic injury (per 100,000 people)",SH.STA.TRAF.P5,,,,,,,,,,,,,,,,,,,,,,,,,,,,,,,,,,,,,,,,,17.3,,,,,17,,,,,12.1,,,,,11.6,,,
China,CHN,"Mortality caused by road traffic injury (per 100,000 people)",SH.STA.TRAF.P5,,,,,,,,,,,,,,,,,,,,,,,,,,,,,,,,,,,,,,,,,21.7,,,,,21.2,,,,,20.7,,,,,19.4,,,
Cote d'Ivoire,CIV,"Mortality caused by road traffic injury (per 100,000 people)",SH.STA.TRAF.P5,,,,,,,,,,,,,,,,,,,,,,,,,,,,,,,,,,,,,,,,,27.7,,,,,26.3,,,,,26.1,,,,,24,,,
Cameroon,CMR,"Mortality caused by road traffic injury (per 100,000 people)",SH.STA.TRAF.P5,,,,,,,,,,,,,,,,,,,,,,,,,,,,,,,,,,,,,,,,,27.2,,,,,28.4,,,,,29.2,,,,,28.1,,,
"Congo, Dem. Rep.",COD,"Mortality caused by road traffic injury (per 100,000 people)",SH.STA.TRAF.P5,,,,,,,,,,,,,,,,,,,,,,,,,,,,,,,,,,,,,,,,,28.6,,,,,31.8,,,,,34.4,,,,,33.5,,,
"Congo, Rep.",COG,"Mortality caused by road traffic injury (per 100,000 people)",SH.STA.TRAF.P5,,,,,,,,,,,,,,,,,,,,,,,,,,,,,,,,,,,,,,,,,25.8,,,,,26.4,,,,,27.4,,,,,26.7,,,
Colombia,COL,"Mortality caused by road traffic injury (per 100,000 people)",SH.STA.TRAF.P5,,,,,,,,,,,,,,,,,,,,,,,,,,,,,,,,,,,,,,,,,20.4,,,,,17.6,,,,,17.8,,,,,18.9,,,
Comoros,COM,"Mortality caused by road traffic injury (per 100,000 people)",SH.STA.TRAF.P5,,,,,,,,,,,,,,,,,,,,,,,,,,,,,,,,,,,,,,,,,27.9,,,,,28.2,,,,,28.5,,,,,28.6,,,
Cabo Verde,CPV,"Mortality caused by road traffic injury (per 100,000 people)",SH.STA.TRAF.P5,,,,,,,,,,,,,,,,,,,,,,,,,,,,,,,,,,,,,,,,,22.8,,,,,21.7,,,,,21.9,,,,,21.3,,,
Costa Rica,CRI,"Mortality caused by road traffic injury (per 100,000 people)",SH.STA.TRAF.P5,,,,,,,,,,,,,,,,,,,,,,,,,,,,,,,,,,,,,,,,,17.8,,,,,14.2,,,,,13.6,,,,,14.9,,,
Caribbean small states,CSS,"Mortality caused by road traffic injury (per 100,000 people)",SH.STA.TRAF.P5,,,,,,,,,,,,,,,,,,,,,,,,,,,,,,,,,,,,,,,,,15.69391648,,,,,16.91087554,,,,,13.18145167,,,,,12.63860326,,,
Cuba,CUB,"Mortality caused by road traffic injury (per 100,000 people)",SH.STA.TRAF.P5,,,,,,,,,,,,,,,,,,,,,,,,,,,,,,,,,,,,,,,,,15.7,,,,,11.4,,,,,8.3,,,,,7.6,,,
Curacao,CUW,"Mortality caused by road traffic injury (per 100,000 people)",SH.STA.TRAF.P5,,,,,,,,,,,,,,,,,,,,,,,,,,,,,,,,,,,,,,,,,,,,,,,,,,,,,,,,,,,
Cayman Islands,CYM,"Mortality caused by road traffic injury (per 100,000 people)",SH.STA.TRAF.P5,,,,,,,,,,,,,,,,,,,,,,,,,,,,,,,,,,,,,,,,,,,,,,,,,,,,,,,,,,,
Cyprus,CYP,"Mortality caused by road traffic injury (per 100,000 people)",SH.STA.TRAF.P5,,,,,,,,,,,,,,,,,,,,,,,,,,,,,,,,,,,,,,,,,11.6,,,,,11.4,,,,,7.6,,,,,6.5,,,
Czech Republic,CZE,"Mortality caused by road traffic injury (per 100,000 people)",SH.STA.TRAF.P5,,,,,,,,,,,,,,,,,,,,,,,,,,,,,,,,,,,,,,,,,14.5,,,,,12.6,,,,,7.6,,,,,6.5,,,
Germany,DEU,"Mortality caused by road traffic injury (per 100,000 people)",SH.STA.TRAF.P5,,,,,,,,,,,,,,,,,,,,,,,,,,,,,,,,,,,,,,,,,9.4,,,,,6.7,,,,,4.7,,,,,4.2,,,
Djibouti,DJI,"Mortality caused by road traffic injury (per 100,000 people)",SH.STA.TRAF.P5,,,,,,,,,,,,,,,,,,,,,,,,,,,,,,,,,,,,,,,,,27.3,,,,,28.9,,,,,31.2,,,,,24.9,,,
Dominica,DMA,"Mortality caused by road traffic injury (per 100,000 people)",SH.STA.TRAF.P5,,,,,,,,,,,,,,,,,,,,,,,,,,,,,,,,,,,,,,,,,,,,,,,,,,,,,,,,,,,
Denmark,DNK,"Mortality caused by road traffic injury (per 100,000 people)",SH.STA.TRAF.P5,,,,,,,,,,,,,,,,,,,,,,,,,,,,,,,,,,,,,,,,,9.5,,,,,6.4,,,,,4.9,,,,,3.4,,,
Dominican Republic,DOM,"Mortality caused by road traffic injury (per 100,000 people)",SH.STA.TRAF.P5,,,,,,,,,,,,,,,,,,,,,,,,,,,,,,,,,,,,,,,,,28.1,,,,,27.5,,,,,25.7,,,,,27.8,,,
Algeria,DZA,"Mortality caused by road traffic injury (per 100,000 people)",SH.STA.TRAF.P5,,,,,,,,,,,,,,,,,,,,,,,,,,,,,,,,,,,,,,,,,23.5,,,,,24,,,,,24.7,,,,,23.7,,,
East Asia & Pacific (excluding high income),EAP,"Mortality caused by road traffic injury (per 100,000 people)",SH.STA.TRAF.P5,,,,,,,,,,,,,,,,,,,,,,,,,,,,,,,,,,,,,,,,,20.73997061,,,,,20.33013067,,,,,20.00502677,,,,,19.12384237,,,
Early-demographic dividend,EAR,"Mortality caused by road traffic injury (per 100,000 people)",SH.STA.TRAF.P5,,,,,,,,,,,,,,,,,,,,,,,,,,,,,,,,,,,,,,,,,16.53378548,,,,,17.50571493,,,,,18.616183,,,,,18.990405,,,
East Asia & Pacific,EAS,"Mortality caused by road traffic injury (per 100,000 people)",SH.STA.TRAF.P5,,,,,,,,,,,,,,,,,,,,,,,,,,,,,,,,,,,,,,,,,20.10284714,,,,,19.34078654,,,,,18.715311,,,,,17.86098199,,,
Europe & Central Asia (excluding high income),ECA,"Mortality caused by road traffic injury (per 100,000 people)",SH.STA.TRAF.P5,,,,,,,,,,,,,,,,,,,,,,,,,,,,,,,,,,,,,,,,,15.60997287,,,,,18.91421168,,,,,14.93657,,,,,13.38703829,,,
Europe & Central Asia,ECS,"Mortality caused by road traffic injury (per 100,000 people)",SH.STA.TRAF.P5,,,,,,,,,,,,,,,,,,,,,,,,,,,,,,,,,,,,,,,,,13.85901404,,,,,13.83728875,,,,,10.24270598,,,,,8.865596275,,,
Ecuador,ECU,"Mortality caused by road traffic injury (per 100,000 people)",SH.STA.TRAF.P5,,,,,,,,,,,,,,,,,,,,,,,,,,,,,,,,,,,,,,,,,13.7,,,,,16.7,,,,,24.4,,,,,20.7,,,
"Egypt, Arab Rep.",EGY,"Mortality caused by road traffic injury (per 100,000 people)",SH.STA.TRAF.P5,,,,,,,,,,,,,,,,,,,,,,,,,,,,,,,,,,,,,,,,,11.4,,,,,11.2,,,,,14.9,,,,,13.3,,,
Euro area,EMU,"Mortality caused by road traffic injury (per 100,000 people)",SH.STA.TRAF.P5,,,,,,,,,,,,,,,,,,,,,,,,,,,,,,,,,,,,,,,,,12.91886634,,,,,9.613626331,,,,,6.362840891,,,,,5.090859653,,,
Eritrea,ERI,"Mortality caused by road traffic injury (per 100,000 people)",SH.STA.TRAF.P5,,,,,,,,,,,,,,,,,,,,,,,,,,,,,,,,,,,,,,,,,24.6,,,,,26.9,,,,,27.9,,,,,24.9,,,
Spain,ESP,"Mortality caused by road traffic injury (per 100,000 people)",SH.STA.TRAF.P5,,,,,,,,,,,,,,,,,,,,,,,,,,,,,,,,,,,,,,,,,15.6,,,,,10.7,,,,,5.4,,,,,3.6,,,
Estonia,EST,"Mortality caused by road traffic injury (per 100,000 people)",SH.STA.TRAF.P5,,,,,,,,,,,,,,,,,,,,,,,,,,,,,,,,,,,,,,,,,17.4,,,,,14.1,,,,,6.7,,,,,6.3,,,
Ethiopia,ETH,"Mortality caused by road traffic injury (per 100,000 people)",SH.STA.TRAF.P5,,,,,,,,,,,,,,,,,,,,,,,,,,,,,,,,,,,,,,,,,23,,,,,23.3,,,,,23.2,,,,,27.3,,,
European Union,EUU,"Mortality caused by road traffic injury (per 100,000 people)",SH.STA.TRAF.P5,,,,,,,,,,,,,,,,,,,,,,,,,,,,,,,,,,,,,,,,,12.49558154,,,,,9.972908058,,,,,6.72456334,,,,,5.364069419,,,
Fragile and conflict affected situations,FCS,"Mortality caused by road traffic injury (per 100,000 people)",SH.STA.TRAF.P5,,,,,,,,,,,,,,,,,,,,,,,,,,,,,,,,,,,,,,,,,24.11750401,,,,,24.3493626,,,,,25.21947884,,,,,25.24648171,,,
Finland,FIN,"Mortality caused by road traffic injury (per 100,000 people)",SH.STA.TRAF.P5,,,,,,,,,,,,,,,,,,,,,,,,,,,,,,,,,,,,,,,,,8.1,,,,,7.3,,,,,5.2,,,,,4.4,,,
Fiji,FJI,"Mortality caused by road traffic injury (per 100,000 people)",SH.STA.TRAF.P5,,,,,,,,,,,,,,,,,,,,,,,,,,,,,,,,,,,,,,,,,9.8,,,,,9.7,,,,,8.1,,,,,5.8,,,
France,FRA,"Mortality caused by road traffic injury (per 100,000 people)",SH.STA.TRAF.P5,,,,,,,,,,,,,,,,,,,,,,,,,,,,,,,,,,,,,,,,,12.9,,,,,8.7,,,,,6.3,,,,,5.1,,,
Faroe Islands,FRO,"Mortality caused by road traffic injury (per 100,000 people)",SH.STA.TRAF.P5,,,,,,,,,,,,,,,,,,,,,,,,,,,,,,,,,,,,,,,,,,,,,,,,,,,,,,,,,,,
"Micronesia, Fed. Sts.",FSM,"Mortality caused by road traffic injury (per 100,000 people)",SH.STA.TRAF.P5,,,,,,,,,,,,,,,,,,,,,,,,,,,,,,,,,,,,,,,,,16.4,,,,,0,,,,,2.9,,,,,2,,,
Gabon,GAB,"Mortality caused by road traffic injury (per 100,000 people)",SH.STA.TRAF.P5,,,,,,,,,,,,,,,,,,,,,,,,,,,,,,,,,,,,,,,,,23.2,,,,,24.6,,,,,24.2,,,,,22.7,,,
United Kingdom,GBR,"Mortality caused by road traffic injury (per 100,000 people)",SH.STA.TRAF.P5,,,,,,,,,,,,,,,,,,,,,,,,,,,,,,,,,,,,,,,,,6.9,,,,,6.3,,,,,3.7,,,,,2.9,,,
Georgia,GEO,"Mortality caused by road traffic injury (per 100,000 people)",SH.STA.TRAF.P5,,,,,,,,,,,,,,,,,,,,,,,,,,,,,,,,,,,,,,,,,10.8,,,,,12.5,,,,,16.6,,,,,11.6,,,
Ghana,GHA,"Mortality caused by road traffic injury (per 100,000 people)",SH.STA.TRAF.P5,,,,,,,,,,,,,,,,,,,,,,,,,,,,,,,,,,,,,,,,,26.8,,,,,28.1,,,,,27.6,,,,,26.1,,,
Gibraltar,GIB,"Mortality caused by road traffic injury (per 100,000 people)",SH.STA.TRAF.P5,,,,,,,,,,,,,,,,,,,,,,,,,,,,,,,,,,,,,,,,,,,,,,,,,,,,,,,,,,,
Guinea,GIN,"Mortality caused by road traffic injury (per 100,000 people)",SH.STA.TRAF.P5,,,,,,,,,,,,,,,,,,,,,,,,,,,,,,,,,,,,,,,,,26,,,,,27.9,,,,,29.1,,,,,28.1,,,
"Gambia, The",GMB,"Mortality caused by road traffic injury (per 100,000 people)",SH.STA.TRAF.P5,,,,,,,,,,,,,,,,,,,,,,,,,,,,,,,,,,,,,,,,,30.2,,,,,30.9,,,,,31.3,,,,,30.4,,,
Guinea-Bissau,GNB,"Mortality caused by road traffic injury (per 100,000 people)",SH.STA.TRAF.P5,,,,,,,,,,,,,,,,,,,,,,,,,,,,,,,,,,,,,,,,,25.7,,,,,27.1,,,,,27.3,,,,,26.8,,,
Equatorial Guinea,GNQ,"Mortality caused by road traffic injury (per 100,000 people)",SH.STA.TRAF.P5,,,,,,,,,,,,,,,,,,,,,,,,,,,,,,,,,,,,,,,,,19.7,,,,,17.1,,,,,19.2,,,,,20.8,,,
Greece,GRC,"Mortality caused by road traffic injury (per 100,000 people)",SH.STA.TRAF.P5,,,,,,,,,,,,,,,,,,,,,,,,,,,,,,,,,,,,,,,,,20,,,,,16.8,,,,,12.8,,,,,8.1,,,
Grenada,GRD,"Mortality caused by road traffic injury (per 100,000 people)",SH.STA.TRAF.P5,,,,,,,,,,,,,,,,,,,,,,,,,,,,,,,,,,,,,,,,,4.9,,,,,11.9,,,,,5.6,,,,,6.6,,,
Greenland,GRL,"Mortality caused by road traffic injury (per 100,000 people)",SH.STA.TRAF.P5,,,,,,,,,,,,,,,,,,,,,,,,,,,,,,,,,,,,,,,,,,,,,,,,,,,,,,,,,,,
Guatemala,GTM,"Mortality caused by road traffic injury (per 100,000 people)",SH.STA.TRAF.P5,,,,,,,,,,,,,,,,,,,,,,,,,,,,,,,,,,,,,,,,,7.8,,,,,4.8,,,,,13.8,,,,,19.9,,,
Guam,GUM,"Mortality caused by road traffic injury (per 100,000 people)",SH.STA.TRAF.P5,,,,,,,,,,,,,,,,,,,,,,,,,,,,,,,,,,,,,,,,,,,,,,,,,,,,,,,,,,,
Guyana,GUY,"Mortality caused by road traffic injury (per 100,000 people)",SH.STA.TRAF.P5,,,,,,,,,,,,,,,,,,,,,,,,,,,,,,,,,,,,,,,,,26.2,,,,,27.7,,,,,16.9,,,,,15.3,,,
High income,HIC,"Mortality caused by road traffic injury (per 100,000 people)",SH.STA.TRAF.P5,,,,,,,,,,,,,,,,,,,,,,,,,,,,,,,,,,,,,,,,,13.87739844,,,,,12.06803849,,,,,8.968833113,,,,,8.200153875,,,
"Hong Kong SAR, China",HKG,"Mortality caused by road traffic injury (per 100,000 people)",SH.STA.TRAF.P5,,,,,,,,,,,,,,,,,,,,,,,,,,,,,,,,,,,,,,,,,,,,,,,,,,,,,,,,,,,
Honduras,HND,"Mortality caused by road traffic injury (per 100,000 people)",SH.STA.TRAF.P5,,,,,,,,,,,,,,,,,,,,,,,,,,,,,,,,,,,,,,,,,15.4,,,,,16.4,,,,,16.9,,,,,16.5,,,
Heavily indebted poor countries (HIPC),HPC,"Mortality caused by road traffic injury (per 100,000 people)",SH.STA.TRAF.P5,,,,,,,,,,,,,,,,,,,,,,,,,,,,,,,,,,,,,,,,,25.93012205,,,,,26.76499265,,,,,27.44710923,,,,,27.86520624,,,
Croatia,HRV,"Mortality caused by road traffic injury (per 100,000 people)",SH.STA.TRAF.P5,,,,,,,,,,,,,,,,,,,,,,,,,,,,,,,,,,,,,,,,,14.6,,,,,13.6,,,,,10.4,,,,,9.2,,,
Haiti,HTI,"Mortality caused by road traffic injury (per 100,000 people)",SH.STA.TRAF.P5,,,,,,,,,,,,,,,,,,,,,,,,,,,,,,,,,,,,,,,,,14.4,,,,,14.9,,,,,15.8,,,,,15.3,,,
Hungary,HUN,"Mortality caused by road traffic injury (per 100,000 people)",SH.STA.TRAF.P5,,,,,,,,,,,,,,,,,,,,,,,,,,,,,,,,,,,,,,,,,12.6,,,,,14.8,,,,,9.1,,,,,7.5,,,
IBRD only,IBD,"Mortality caused by road traffic injury (per 100,000 people)",SH.STA.TRAF.P5,,,,,,,,,,,,,,,,,,,,,,,,,,,,,,,,,,,,,,,,,18.43898699,,,,,19.21669799,,,,,19.56403541,,,,,19.33380068,,,
IDA & IBRD total,IBT,"Mortality caused by road traffic injury (per 100,000 people)",SH.STA.TRAF.P5,,,,,,,,,,,,,,,,,,,,,,,,,,,,,,,,,,,,,,,,,19.14615752,,,,,19.91609017,,,,,20.34885244,,,,,20.15618102,,,
IDA total,IDA,"Mortality caused by road traffic injury (per 100,000 people)",SH.STA.TRAF.P5,,,,,,,,,,,,,,,,,,,,,,,,,,,,,,,,,,,,,,,,,21.74510885,,,,,22.32704012,,,,,22.88355409,,,,,22.64600169,,,
IDA blend,IDB,"Mortality caused by road traffic injury (per 100,000 people)",SH.STA.TRAF.P5,,,,,,,,,,,,,,,,,,,,,,,,,,,,,,,,,,,,,,,,,19.69490176,,,,,20.25644391,,,,,20.80748741,,,,,19.56400268,,,
Indonesia,IDN,"Mortality caused by road traffic injury (per 100,000 people)",SH.STA.TRAF.P5,,,,,,,,,,,,,,,,,,,,,,,,,,,,,,,,,,,,,,,,,15.7,,,,,16.1,,,,,17.5,,,,,15.5,,,
IDA only,IDX,"Mortality caused by road traffic injury (per 100,000 people)",SH.STA.TRAF.P5,,,,,,,,,,,,,,,,,,,,,,,,,,,,,,,,,,,,,,,,,22.76789344,,,,,23.34839488,,,,,23.90688843,,,,,24.17285223,,,
Isle of Man,IMN,"Mortality caused by road traffic injury (per 100,000 people)",SH.STA.TRAF.P5,,,,,,,,,,,,,,,,,,,,,,,,,,,,,,,,,,,,,,,,,,,,,,,,,,,,,,,,,,,
India,IND,"Mortality caused by road traffic injury (per 100,000 people)",SH.STA.TRAF.P5,,,,,,,,,,,,,,,,,,,,,,,,,,,,,,,,,,,,,,,,,15,,,,,16.9,,,,,19.7,,,,,21.2,,,
Not classified,INX,"Mortality caused by road traffic injury (per 100,000 people)",SH.STA.TRAF.P5,,,,,,,,,,,,,,,,,,,,,,,,,,,,,,,,,,,,,,,,,,,,,,,,,,,,,,,,,,,
Ireland,IRL,"Mortality caused by road traffic injury (per 100,000 people)",SH.STA.TRAF.P5,,,,,,,,,,,,,,,,,,,,,,,,,,,,,,,,,,,,,,,,,11,,,,,9.6,,,,,4.7,,,,,4,,,
"Iran, Islamic Rep.",IRN,"Mortality caused by road traffic injury (per 100,000 people)",SH.STA.TRAF.P5,,,,,,,,,,,,,,,,,,,,,,,,,,,,,,,,,,,,,,,,,31.6,,,,,39.2,,,,,32.3,,,,,28,,,
Iraq,IRQ,"Mortality caused by road traffic injury (per 100,000 people)",SH.STA.TRAF.P5,,,,,,,,,,,,,,,,,,,,,,,,,,,,,,,,,,,,,,,,,17.5,,,,,16.8,,,,,18.4,,,,,17.8,,,
Iceland,ISL,"Mortality caused by road traffic injury (per 100,000 people)",SH.STA.TRAF.P5,,,,,,,,,,,,,,,,,,,,,,,,,,,,,,,,,,,,,,,,,10.9,,,,,6.3,,,,,2.5,,,,,3.6,,,
Israel,ISR,"Mortality caused by road traffic injury (per 100,000 people)",SH.STA.TRAF.P5,,,,,,,,,,,,,,,,,,,,,,,,,,,,,,,,,,,,,,,,,7.6,,,,,6.7,,,,,4.7,,,,,3.2,,,
Italy,ITA,"Mortality caused by road traffic injury (per 100,000 people)",SH.STA.TRAF.P5,,,,,,,,,,,,,,,,,,,,,,,,,,,,,,,,,,,,,,,,,13.8,,,,,10.6,,,,,7.2,,,,,5.6,,,
Jamaica,JAM,"Mortality caused by road traffic injury (per 100,000 people)",SH.STA.TRAF.P5,,,,,,,,,,,,,,,,,,,,,,,,,,,,,,,,,,,,,,,,,11.2,,,,,11.4,,,,,9.8,,,,,10,,,
Jordan,JOR,"Mortality caused by road traffic injury (per 100,000 people)",SH.STA.TRAF.P5,,,,,,,,,,,,,,,,,,,,,,,,,,,,,,,,,,,,,,,,,24.3,,,,,25.3,,,,,23.8,,,,,23.6,,,
Japan,JPN,"Mortality caused by road traffic injury (per 100,000 people)",SH.STA.TRAF.P5,,,,,,,,,,,,,,,,,,,,,,,,,,,,,,,,,,,,,,,,,12.3,,,,,9.2,,,,,5.4,,,,,4.7,,,
Kazakhstan,KAZ,"Mortality caused by road traffic injury (per 100,000 people)",SH.STA.TRAF.P5,,,,,,,,,,,,,,,,,,,,,,,,,,,,,,,,,,,,,,,,,14,,,,,31.3,,,,,26.3,,,,,23.2,,,
Kenya,KEN,"Mortality caused by road traffic injury (per 100,000 people)",SH.STA.TRAF.P5,,,,,,,,,,,,,,,,,,,,,,,,,,,,,,,,,,,,,,,,,29,,,,,28.9,,,,,29,,,,,30.5,,,
Kyrgyz Republic,KGZ,"Mortality caused by road traffic injury (per 100,000 people)",SH.STA.TRAF.P5,,,,,,,,,,,,,,,,,,,,,,,,,,,,,,,,,,,,,,,,,12,,,,,17.2,,,,,18.2,,,,,20.1,,,
Cambodia,KHM,"Mortality caused by road traffic injury (per 100,000 people)",SH.STA.TRAF.P5,,,,,,,,,,,,,,,,,,,,,,,,,,,,,,,,,,,,,,,,,20,,,,,19.2,,,,,20.7,,,,,19,,,
Kiribati,KIR,"Mortality caused by road traffic injury (per 100,000 people)",SH.STA.TRAF.P5,,,,,,,,,,,,,,,,,,,,,,,,,,,,,,,,,,,,,,,,,8.8,,,,,11.4,,,,,6.5,,,,,2.4,,,
St. Kitts and Nevis,KNA,"Mortality caused by road traffic injury (per 100,000 people)",SH.STA.TRAF.P5,,,,,,,,,,,,,,,,,,,,,,,,,,,,,,,,,,,,,,,,,,,,,,,,,,,,,,,,,,,
"Korea, Rep.",KOR,"Mortality caused by road traffic injury (per 100,000 people)",SH.STA.TRAF.P5,,,,,,,,,,,,,,,,,,,,,,,,,,,,,,,,,,,,,,,,,26.3,,,,,16.6,,,,,14,,,,,12,,,
Kuwait,KWT,"Mortality caused by road traffic injury (per 100,000 people)",SH.STA.TRAF.P5,,,,,,,,,,,,,,,,,,,,,,,,,,,,,,,,,,,,,,,,,26.4,,,,,28,,,,,20.1,,,,,17.7,,,
Latin America & Caribbean (excluding high income),LAC,"Mortality caused by road traffic injury (per 100,000 people)",SH.STA.TRAF.P5,,,,,,,,,,,,,,,,,,,,,,,,,,,,,,,,,,,,,,,,,16.52378396,,,,,17.3140766,,,,,19.19177255,,,,,19.54199293,,,
Lao PDR,LAO,"Mortality caused by road traffic injury (per 100,000 people)",SH.STA.TRAF.P5,,,,,,,,,,,,,,,,,,,,,,,,,,,,,,,,,,,,,,,,,17.6,,,,,17.1,,,,,16,,,,,15,,,
Lebanon,LBN,"Mortality caused by road traffic injury (per 100,000 people)",SH.STA.TRAF.P5,,,,,,,,,,,,,,,,,,,,,,,,,,,,,,,,,,,,,,,,,20.2,,,,,20,,,,,19.6,,,,,19.3,,,
Liberia,LBR,"Mortality caused by road traffic injury (per 100,000 people)",SH.STA.TRAF.P5,,,,,,,,,,,,,,,,,,,,,,,,,,,,,,,,,,,,,,,,,30.3,,,,,33.4,,,,,32.3,,,,,35.1,,,
Libya,LBY,"Mortality caused by road traffic injury (per 100,000 people)",SH.STA.TRAF.P5,,,,,,,,,,,,,,,,,,,,,,,,,,,,,,,,,,,,,,,,,23.2,,,,,23.8,,,,,23.8,,,,,25.3,,,
St. Lucia,LCA,"Mortality caused by road traffic injury (per 100,000 people)",SH.STA.TRAF.P5,,,,,,,,,,,,,,,,,,,,,,,,,,,,,,,,,,,,,,,,,19.5,,,,,16,,,,,8.9,,,,,18.8,,,
Latin America & Caribbean,LCN,"Mortality caused by road traffic injury (per 100,000 people)",SH.STA.TRAF.P5,,,,,,,,,,,,,,,,,,,,,,,,,,,,,,,,,,,,,,,,,16.15584325,,,,,16.79420233,,,,,18.42481618,,,,,18.7876647,,,
Least developed countries: UN classification,LDC,"Mortality caused by road traffic injury (per 100,000 people)",SH.STA.TRAF.P5,,,,,,,,,,,,,,,,,,,,,,,,,,,,,,,,,,,,,,,,,22.74319388,,,,,23.32160485,,,,,23.96193589,,,,,24.4445307,,,
Low income,LIC,"Mortality caused by road traffic injury (per 100,000 people)",SH.STA.TRAF.P5,,,,,,,,,,,,,,,,,,,,,,,,,,,,,,,,,,,,,,,,,25.47102296,,,,,26.37809945,,,,,27.16579112,,,,,27.8684275,,,
Liechtenstein,LIE,"Mortality caused by road traffic injury (per 100,000 people)",SH.STA.TRAF.P5,,,,,,,,,,,,,,,,,,,,,,,,,,,,,,,,,,,,,,,,,,,,,,,,,,,,,,,,,,,
Sri Lanka,LKA,"Mortality caused by road traffic injury (per 100,000 people)",SH.STA.TRAF.P5,,,,,,,,,,,,,,,,,,,,,,,,,,,,,,,,,,,,,,,,,18.4,,,,,19,,,,,19.1,,,,,17.2,,,
Lower middle income,LMC,"Mortality caused by road traffic injury (per 100,000 people)",SH.STA.TRAF.P5,,,,,,,,,,,,,,,,,,,,,,,,,,,,,,,,,,,,,,,,,16.40754758,,,,,17.5548417,,,,,18.82920148,,,,,19.08460194,,,
Low & middle income,LMY,"Mortality caused by road traffic injury (per 100,000 people)",SH.STA.TRAF.P5,,,,,,,,,,,,,,,,,,,,,,,,,,,,,,,,,,,,,,,,,19.215744,,,,,20.00470774,,,,,20.46634055,,,,,20.27580318,,,
Lesotho,LSO,"Mortality caused by road traffic injury (per 100,000 people)",SH.STA.TRAF.P5,,,,,,,,,,,,,,,,,,,,,,,,,,,,,,,,,,,,,,,,,27.1,,,,,25.2,,,,,26.2,,,,,26.1,,,
Late-demographic dividend,LTE,"Mortality caused by road traffic injury (per 100,000 people)",SH.STA.TRAF.P5,,,,,,,,,,,,,,,,,,,,,,,,,,,,,,,,,,,,,,,,,20.74727665,,,,,20.97896058,,,,,20.44432983,,,,,19.55703613,,,
Lithuania,LTU,"Mortality caused by road traffic injury (per 100,000 people)",SH.STA.TRAF.P5,,,,,,,,,,,,,,,,,,,,,,,,,,,,,,,,,,,,,,,,,23.7,,,,,27,,,,,13.2,,,,,13,,,
Luxembourg,LUX,"Mortality caused by road traffic injury (per 100,000 people)",SH.STA.TRAF.P5,,,,,,,,,,,,,,,,,,,,,,,,,,,,,,,,,,,,,,,,,17.1,,,,,10.2,,,,,5.8,,,,,7.7,,,
Latvia,LVA,"Mortality caused by road traffic injury (per 100,000 people)",SH.STA.TRAF.P5,,,,,,,,,,,,,,,,,,,,,,,,,,,,,,,,,,,,,,,,,28.8,,,,,21.3,,,,,11.8,,,,,9.9,,,
"Macao SAR, China",MAC,"Mortality caused by road traffic injury (per 100,000 people)",SH.STA.TRAF.P5,,,,,,,,,,,,,,,,,,,,,,,,,,,,,,,,,,,,,,,,,,,,,,,,,,,,,,,,,,,
St. Martin (French part),MAF,"Mortality caused by road traffic injury (per 100,000 people)",SH.STA.TRAF.P5,,,,,,,,,,,,,,,,,,,,,,,,,,,,,,,,,,,,,,,,,,,,,,,,,,,,,,,,,,,
Morocco,MAR,"Mortality caused by road traffic injury (per 100,000 people)",SH.STA.TRAF.P5,,,,,,,,,,,,,,,,,,,,,,,,,,,,,,,,,,,,,,,,,22.8,,,,,23.4,,,,,22.3,,,,,18.6,,,
Monaco,MCO,"Mortality caused by road traffic injury (per 100,000 people)",SH.STA.TRAF.P5,,,,,,,,,,,,,,,,,,,,,,,,,,,,,,,,,,,,,,,,,,,,,,,,,,,,,,,,,,,
Moldova,MDA,"Mortality caused by road traffic injury (per 100,000 people)",SH.STA.TRAF.P5,,,,,,,,,,,,,,,,,,,,,,,,,,,,,,,,,,,,,,,,,13.8,,,,,16.3,,,,,14.5,,,,,10.7,,,
Madagascar,MDG,"Mortality caused by road traffic injury (per 100,000 people)",SH.STA.TRAF.P5,,,,,,,,,,,,,,,,,,,,,,,,,,,,,,,,,,,,,,,,,29.7,,,,,30.2,,,,,31.5,,,,,31.4,,,
Maldives,MDV,"Mortality caused by road traffic injury (per 100,000 people)",SH.STA.TRAF.P5,,,,,,,,,,,,,,,,,,,,,,,,,,,,,,,,,,,,,,,,,2.5,,,,,3,,,,,3.2,,,,,3.3,,,
Middle East & North Africa,MEA,"Mortality caused by road traffic injury (per 100,000 people)",SH.STA.TRAF.P5,,,,,,,,,,,,,,,,,,,,,,,,,,,,,,,,,,,,,,,,,20.94424553,,,,,22.81514352,,,,,21.86859746,,,,,20.242051,,,
Mexico,MEX,"Mortality caused by road traffic injury (per 100,000 people)",SH.STA.TRAF.P5,,,,,,,,,,,,,,,,,,,,,,,,,,,,,,,,,,,,,,,,,13.6,,,,,15,,,,,14.4,,,,,11.8,,,
Marshall Islands,MHL,"Mortality caused by road traffic injury (per 100,000 people)",SH.STA.TRAF.P5,,,,,,,,,,,,,,,,,,,,,,,,,,,,,,,,,,,,,,,,,,,,,,,,,,,,,,,,,,,
Middle income,MIC,"Mortality caused by road traffic injury (per 100,000 people)",SH.STA.TRAF.P5,,,,,,,,,,,,,,,,,,,,,,,,,,,,,,,,,,,,,,,,,18.57406907,,,,,19.29985321,,,,,19.66516115,,,,,19.30158665,,,
"Macedonia, FYR",MKD,"Mortality caused by road traffic injury (per 100,000 people)",SH.STA.TRAF.P5,,,,,,,,,,,,,,,,,,,,,,,,,,,,,,,,,,,,,,,,,7.8,,,,,6.8,,,,,7.6,,,,,8.1,,,
Mali,MLI,"Mortality caused by road traffic injury (per 100,000 people)",SH.STA.TRAF.P5,,,,,,,,,,,,,,,,,,,,,,,,,,,,,,,,,,,,,,,,,23.1,,,,,25,,,,,26.1,,,,,25.3,,,
Malta,MLT,"Mortality caused by road traffic injury (per 100,000 people)",SH.STA.TRAF.P5,,,,,,,,,,,,,,,,,,,,,,,,,,,,,,,,,,,,,,,,,4.7,,,,,4.1,,,,,3.9,,,,,5.5,,,
Myanmar,MMR,"Mortality caused by road traffic injury (per 100,000 people)",SH.STA.TRAF.P5,,,,,,,,,,,,,,,,,,,,,,,,,,,,,,,,,,,,,,,,,22.1,,,,,19.2,,,,,18.4,,,,,19.5,,,
Middle East & North Africa (excluding high income),MNA,"Mortality caused by road traffic injury (per 100,000 people)",SH.STA.TRAF.P5,,,,,,,,,,,,,,,,,,,,,,,,,,,,,,,,,,,,,,,,,21.2786259,,,,,23.01308268,,,,,22.36570318,,,,,20.35756045,,,
Montenegro,MNE,"Mortality caused by road traffic injury (per 100,000 people)",SH.STA.TRAF.P5,,,,,,,,,,,,,,,,,,,,,,,,,,,,,,,,,,,,,,,,,16.9,,,,,15.1,,,,,14.6,,,,,10.3,,,
Mongolia,MNG,"Mortality caused by road traffic injury (per 100,000 people)",SH.STA.TRAF.P5,,,,,,,,,,,,,,,,,,,,,,,,,,,,,,,,,,,,,,,,,17.8,,,,,21.5,,,,,19.7,,,,,20.8,,,
Northern Mariana Islands,MNP,"Mortality caused by road traffic injury (per 100,000 people)",SH.STA.TRAF.P5,,,,,,,,,,,,,,,,,,,,,,,,,,,,,,,,,,,,,,,,,,,,,,,,,,,,,,,,,,,
Mozambique,MOZ,"Mortality caused by road traffic injury (per 100,000 people)",SH.STA.TRAF.P5,,,,,,,,,,,,,,,,,,,,,,,,,,,,,,,,,,,,,,,,,31.7,,,,,31.9,,,,,32.4,,,,,33.1,,,
Mauritania,MRT,"Mortality caused by road traffic injury (per 100,000 people)",SH.STA.TRAF.P5,,,,,,,,,,,,,,,,,,,,,,,,,,,,,,,,,,,,,,,,,24.2,,,,,25,,,,,25.2,,,,,24.2,,,
Mauritius,MUS,"Mortality caused by road traffic injury (per 100,000 people)",SH.STA.TRAF.P5,,,,,,,,,,,,,,,,,,,,,,,,,,,,,,,,,,,,,,,,,15.7,,,,,10.3,,,,,12.5,,,,,12.9,,,
Malawi,MWI,"Mortality caused by road traffic injury (per 100,000 people)",SH.STA.TRAF.P5,,,,,,,,,,,,,,,,,,,,,,,,,,,,,,,,,,,,,,,,,31,,,,,31.3,,,,,30.3,,,,,34.2,,,
Malaysia,MYS,"Mortality caused by road traffic injury (per 100,000 people)",SH.STA.TRAF.P5,,,,,,,,,,,,,,,,,,,,,,,,,,,,,,,,,,,,,,,,,24.8,,,,,22.6,,,,,23,,,,,22.3,,,
North America,NAC,"Mortality caused by road traffic injury (per 100,000 people)",SH.STA.TRAF.P5,,,,,,,,,,,,,,,,,,,,,,,,,,,,,,,,,,,,,,,,,14.90020483,,,,,14.80861779,,,,,11.08402571,,,,,10.29796457,,,
Namibia,NAM,"Mortality caused by road traffic injury (per 100,000 people)",SH.STA.TRAF.P5,,,,,,,,,,,,,,,,,,,,,,,,,,,,,,,,,,,,,,,,,20.4,,,,,20.2,,,,,21.5,,,,,23.6,,,
New Caledonia,NCL,"Mortality caused by road traffic injury (per 100,000 people)",SH.STA.TRAF.P5,,,,,,,,,,,,,,,,,,,,,,,,,,,,,,,,,,,,,,,,,,,,,,,,,,,,,,,,,,,
Niger,NER,"Mortality caused by road traffic injury (per 100,000 people)",SH.STA.TRAF.P5,,,,,,,,,,,,,,,,,,,,,,,,,,,,,,,,,,,,,,,,,24.8,,,,,27.3,,,,,29.1,,,,,28.4,,,
Nigeria,NGA,"Mortality caused by road traffic injury (per 100,000 people)",SH.STA.TRAF.P5,,,,,,,,,,,,,,,,,,,,,,,,,,,,,,,,,,,,,,,,,21.6,,,,,22.4,,,,,22.8,,,,,20.6,,,
Nicaragua,NIC,"Mortality caused by road traffic injury (per 100,000 people)",SH.STA.TRAF.P5,,,,,,,,,,,,,,,,,,,,,,,,,,,,,,,,,,,,,,,,,16.9,,,,,17.3,,,,,16.2,,,,,14.9,,,
Netherlands,NLD,"Mortality caused by road traffic injury (per 100,000 people)",SH.STA.TRAF.P5,,,,,,,,,,,,,,,,,,,,,,,,,,,,,,,,,,,,,,,,,7.3,,,,,5,,,,,3.8,,,,,3.6,,,
Norway,NOR,"Mortality caused by road traffic injury (per 100,000 people)",SH.STA.TRAF.P5,,,,,,,,,,,,,,,,,,,,,,,,,,,,,,,,,,,,,,,,,8,,,,,5.3,,,,,4.3,,,,,3.3,,,
Nepal,NPL,"Mortality caused by road traffic injury (per 100,000 people)",SH.STA.TRAF.P5,,,,,,,,,,,,,,,,,,,,,,,,,,,,,,,,,,,,,,,,,17.9,,,,,18.6,,,,,18.7,,,,,17.3,,,
Nauru,NRU,"Mortality caused by road traffic injury (per 100,000 people)",SH.STA.TRAF.P5,,,,,,,,,,,,,,,,,,,,,,,,,,,,,,,,,,,,,,,,,,,,,,,,,,,,,,,,,,,
New Zealand,NZL,"Mortality caused by road traffic injury (per 100,000 people)",SH.STA.TRAF.P5,,,,,,,,,,,,,,,,,,,,,,,,,,,,,,,,,,,,,,,,,12,,,,,10.3,,,,,9.3,,,,,6.1,,,
OECD members,OED,"Mortality caused by road traffic injury (per 100,000 people)",SH.STA.TRAF.P5,,,,,,,,,,,,,,,,,,,,,,,,,,,,,,,,,,,,,,,,,13.69159666,,,,,11.79822526,,,,,8.771593589,,,,,7.747394868,,,
Oman,OMN,"Mortality caused by road traffic injury (per 100,000 people)",SH.STA.TRAF.P5,,,,,,,,,,,,,,,,,,,,,,,,,,,,,,,,,,,,,,,,,32.2,,,,,32.8,,,,,29.2,,,,,25,,,
Other small states,OSS,"Mortality caused by road traffic injury (per 100,000 people)",SH.STA.TRAF.P5,,,,,,,,,,,,,,,,,,,,,,,,,,,,,,,,,,,,,,,,,21.0289647,,,,,20.67749043,,,,,19.78347677,,,,,18.90111261,,,
Pakistan,PAK,"Mortality caused by road traffic injury (per 100,000 people)",SH.STA.TRAF.P5,,,,,,,,,,,,,,,,,,,,,,,,,,,,,,,,,,,,,,,,,15.2,,,,,14.8,,,,,15.9,,,,,14.3,,,
Panama,PAN,"Mortality caused by road traffic injury (per 100,000 people)",SH.STA.TRAF.P5,,,,,,,,,,,,,,,,,,,,,,,,,,,,,,,,,,,,,,,,,15.1,,,,,13.6,,,,,13,,,,,10.7,,,
Peru,PER,"Mortality caused by road traffic injury (per 100,000 people)",SH.STA.TRAF.P5,,,,,,,,,,,,,,,,,,,,,,,,,,,,,,,,,,,,,,,,,15.2,,,,,15,,,,,14.5,,,,,13.3,,,
Philippines,PHL,"Mortality caused by road traffic injury (per 100,000 people)",SH.STA.TRAF.P5,,,,,,,,,,,,,,,,,,,,,,,,,,,,,,,,,,,,,,,,,10.4,,,,,10,,,,,4.6,,,,,10.7,,,
Palau,PLW,"Mortality caused by road traffic injury (per 100,000 people)",SH.STA.TRAF.P5,,,,,,,,,,,,,,,,,,,,,,,,,,,,,,,,,,,,,,,,,,,,,,,,,,,,,,,,,,,
Papua New Guinea,PNG,"Mortality caused by road traffic injury (per 100,000 people)",SH.STA.TRAF.P5,,,,,,,,,,,,,,,,,,,,,,,,,,,,,,,,,,,,,,,,,20.1,,,,,18.1,,,,,16.3,,,,,16.9,,,
Poland,POL,"Mortality caused by road traffic injury (per 100,000 people)",SH.STA.TRAF.P5,,,,,,,,,,,,,,,,,,,,,,,,,,,,,,,,,,,,,,,,,18.6,,,,,16,,,,,11.9,,,,,9.4,,,
Pre-demographic dividend,PRE,"Mortality caused by road traffic injury (per 100,000 people)",SH.STA.TRAF.P5,,,,,,,,,,,,,,,,,,,,,,,,,,,,,,,,,,,,,,,,,25.40795917,,,,,26.12430451,,,,,26.86109776,,,,,26.41847031,,,
Puerto Rico,PRI,"Mortality caused by road traffic injury (per 100,000 people)",SH.STA.TRAF.P5,,,,,,,,,,,,,,,,,,,,,,,,,,,,,,,,,,,,,,,,,15.2,,,,,12.1,,,,,9.8,,,,,8.2,,,
"Korea, Dem. People’s Rep.",PRK,"Mortality caused by road traffic injury (per 100,000 people)",SH.STA.TRAF.P5,,,,,,,,,,,,,,,,,,,,,,,,,,,,,,,,,,,,,,,,,20.8,,,,,20.2,,,,,20.8,,,,,20.7,,,
Portugal,PRT,"Mortality caused by road traffic injury (per 100,000 people)",SH.STA.TRAF.P5,,,,,,,,,,,,,,,,,,,,,,,,,,,,,,,,,,,,,,,,,19.3,,,,,16.3,,,,,11.2,,,,,7.7,,,
Paraguay,PRY,"Mortality caused by road traffic injury (per 100,000 people)",SH.STA.TRAF.P5,,,,,,,,,,,,,,,,,,,,,,,,,,,,,,,,,,,,,,,,,9.4,,,,,14.3,,,,,24.1,,,,,23.4,,,
West Bank and Gaza,PSE,"Mortality caused by road traffic injury (per 100,000 people)",SH.STA.TRAF.P5,,,,,,,,,,,,,,,,,,,,,,,,,,,,,,,,,,,,,,,,,6.1,,,,,5.7,,,,,4.6,,,,,5.4,,,
Pacific island small states,PSS,"Mortality caused by road traffic injury (per 100,000 people)",SH.STA.TRAF.P5,,,,,,,,,,,,,,,,,,,,,,,,,,,,,,,,,,,,,,,,,14.16877799,,,,,12.8641769,,,,,11.39251761,,,,,10.64367311,,,
Post-demographic dividend,PST,"Mortality caused by road traffic injury (per 100,000 people)",SH.STA.TRAF.P5,,,,,,,,,,,,,,,,,,,,,,,,,,,,,,,,,,,,,,,,,13.60781448,,,,,12.10706335,,,,,8.552073728,,,,,7.264499792,,,
French Polynesia,PYF,"Mortality caused by road traffic injury (per 100,000 people)",SH.STA.TRAF.P5,,,,,,,,,,,,,,,,,,,,,,,,,,,,,,,,,,,,,,,,,,,,,,,,,,,,,,,,,,,
Qatar,QAT,"Mortality caused by road traffic injury (per 100,000 people)",SH.STA.TRAF.P5,,,,,,,,,,,,,,,,,,,,,,,,,,,,,,,,,,,,,,,,,27.8,,,,,31.3,,,,,16.9,,,,,12.8,,,
Romania,ROU,"Mortality caused by road traffic injury (per 100,000 people)",SH.STA.TRAF.P5,,,,,,,,,,,,,,,,,,,,,,,,,,,,,,,,,,,,,,,,,12.3,,,,,12.9,,,,,10.8,,,,,8.9,,,
Russian Federation,RUS,"Mortality caused by road traffic injury (per 100,000 people)",SH.STA.TRAF.P5,,,,,,,,,,,,,,,,,,,,,,,,,,,,,,,,,,,,,,,,,20.1,,,,,23.6,,,,,18.5,,,,,17.4,,,
Rwanda,RWA,"Mortality caused by road traffic injury (per 100,000 people)",SH.STA.TRAF.P5,,,,,,,,,,,,,,,,,,,,,,,,,,,,,,,,,,,,,,,,,29.6,,,,,30.7,,,,,31,,,,,32.9,,,
South Asia,SAS,"Mortality caused by road traffic injury (per 100,000 people)",SH.STA.TRAF.P5,,,,,,,,,,,,,,,,,,,,,,,,,,,,,,,,,,,,,,,,,15.02596481,,,,,16.46644655,,,,,18.67377038,,,,,19.43917742,,,
Saudi Arabia,SAU,"Mortality caused by road traffic injury (per 100,000 people)",SH.STA.TRAF.P5,,,,,,,,,,,,,,,,,,,,,,,,,,,,,,,,,,,,,,,,,20.8,,,,,24.1,,,,,24.1,,,,,27.5,,,
Sudan,SDN,"Mortality caused by road traffic injury (per 100,000 people)",SH.STA.TRAF.P5,,,,,,,,,,,,,,,,,,,,,,,,,,,,,,,,,,,,,,,,,24.6,,,,,24.4,,,,,24.5,,,,,24.6,,,
Senegal,SEN,"Mortality caused by road traffic injury (per 100,000 people)",SH.STA.TRAF.P5,,,,,,,,,,,,,,,,,,,,,,,,,,,,,,,,,,,,,,,,,26.1,,,,,27.8,,,,,28.6,,,,,28,,,
Singapore,SGP,"Mortality caused by road traffic injury (per 100,000 people)",SH.STA.TRAF.P5,,,,,,,,,,,,,,,,,,,,,,,,,,,,,,,,,,,,,,,,,6.7,,,,,4.8,,,,,5.1,,,,,3.7,,,
Solomon Islands,SLB,"Mortality caused by road traffic injury (per 100,000 people)",SH.STA.TRAF.P5,,,,,,,,,,,,,,,,,,,,,,,,,,,,,,,,,,,,,,,,,22.5,,,,,20.6,,,,,18.1,,,,,18.3,,,
Sierra Leone,SLE,"Mortality caused by road traffic injury (per 100,000 people)",SH.STA.TRAF.P5,,,,,,,,,,,,,,,,,,,,,,,,,,,,,,,,,,,,,,,,,26.4,,,,,28.6,,,,,28,,,,,28.5,,,
El Salvador,SLV,"Mortality caused by road traffic injury (per 100,000 people)",SH.STA.TRAF.P5,,,,,,,,,,,,,,,,,,,,,,,,,,,,,,,,,,,,,,,,,35.6,,,,,29.6,,,,,22.2,,,,,19,,,
San Marino,SMR,"Mortality caused by road traffic injury (per 100,000 people)",SH.STA.TRAF.P5,,,,,,,,,,,,,,,,,,,,,,,,,,,,,,,,,,,,,,,,,,,,,,,,,,,,,,,,,,,
Somalia,SOM,"Mortality caused by road traffic injury (per 100,000 people)",SH.STA.TRAF.P5,,,,,,,,,,,,,,,,,,,,,,,,,,,,,,,,,,,,,,,,,25.4,,,,,25.7,,,,,29.3,,,,,26.9,,,
Serbia,SRB,"Mortality caused by road traffic injury (per 100,000 people)",SH.STA.TRAF.P5,,,,,,,,,,,,,,,,,,,,,,,,,,,,,,,,,,,,,,,,,10.2,,,,,8.7,,,,,7.9,,,,,7.4,,,
Sub-Saharan Africa (excluding high income),SSA,"Mortality caused by road traffic injury (per 100,000 people)",SH.STA.TRAF.P5,,,,,,,,,,,,,,,,,,,,,,,,,,,,,,,,,,,,,,,,,26.83602404,,,,,27.26893658,,,,,27.37051653,,,,,27.23836601,,,
South Sudan,SSD,"Mortality caused by road traffic injury (per 100,000 people)",SH.STA.TRAF.P5,,,,,,,,,,,,,,,,,,,,,,,,,,,,,,,,,,,,,,,,,24,,,,,24.7,,,,,24.7,,,,,29.3,,,
Sub-Saharan Africa,SSF,"Mortality caused by road traffic injury (per 100,000 people)",SH.STA.TRAF.P5,,,,,,,,,,,,,,,,,,,,,,,,,,,,,,,,,,,,,,,,,26.83441073,,,,,27.26709043,,,,,27.36909775,,,,,27.23656995,,,
Small states,SST,"Mortality caused by road traffic injury (per 100,000 people)",SH.STA.TRAF.P5,,,,,,,,,,,,,,,,,,,,,,,,,,,,,,,,,,,,,,,,,19.41669912,,,,,19.4003126,,,,,17.9919925,,,,,17.27343943,,,
Sao Tome and Principe,STP,"Mortality caused by road traffic injury (per 100,000 people)",SH.STA.TRAF.P5,,,,,,,,,,,,,,,,,,,,,,,,,,,,,,,,,,,,,,,,,14.2,,,,,33.1,,,,,31.5,,,,,33.1,,,
Suriname,SUR,"Mortality caused by road traffic injury (per 100,000 people)",SH.STA.TRAF.P5,,,,,,,,,,,,,,,,,,,,,,,,,,,,,,,,,,,,,,,,,25.9,,,,,26,,,,,22.6,,,,,18.7,,,
Slovak Republic,SVK,"Mortality caused by road traffic injury (per 100,000 people)",SH.STA.TRAF.P5,,,,,,,,,,,,,,,,,,,,,,,,,,,,,,,,,,,,,,,,,15.3,,,,,13.8,,,,,8.7,,,,,8.2,,,
Slovenia,SVN,"Mortality caused by road traffic injury (per 100,000 people)",SH.STA.TRAF.P5,,,,,,,,,,,,,,,,,,,,,,,,,,,,,,,,,,,,,,,,,15.8,,,,,13.3,,,,,7.1,,,,,6.5,,,
Sweden,SWE,"Mortality caused by road traffic injury (per 100,000 people)",SH.STA.TRAF.P5,,,,,,,,,,,,,,,,,,,,,,,,,,,,,,,,,,,,,,,,,6.7,,,,,5.2,,,,,3,,,,,2.9,,,
Eswatini,SWZ,"Mortality caused by road traffic injury (per 100,000 people)",SH.STA.TRAF.P5,,,,,,,,,,,,,,,,,,,,,,,,,,,,,,,,,,,,,,,,,23.4,,,,,23.5,,,,,25,,,,,24.9,,,
Sint Maarten (Dutch part),SXM,"Mortality caused by road traffic injury (per 100,000 people)",SH.STA.TRAF.P5,,,,,,,,,,,,,,,,,,,,,,,,,,,,,,,,,,,,,,,,,,,,,,,,,,,,,,,,,,,
Seychelles,SYC,"Mortality caused by road traffic injury (per 100,000 people)",SH.STA.TRAF.P5,,,,,,,,,,,,,,,,,,,,,,,,,,,,,,,,,,,,,,,,,13.5,,,,,10.2,,,,,13.5,,,,,7.9,,,
Syrian Arab Republic,SYR,"Mortality caused by road traffic injury (per 100,000 people)",SH.STA.TRAF.P5,,,,,,,,,,,,,,,,,,,,,,,,,,,,,,,,,,,,,,,,,20.6,,,,,20.8,,,,,20.7,,,,,19.7,,,
Turks and Caicos Islands,TCA,"Mortality caused by road traffic injury (per 100,000 people)",SH.STA.TRAF.P5,,,,,,,,,,,,,,,,,,,,,,,,,,,,,,,,,,,,,,,,,,,,,,,,,,,,,,,,,,,
Chad,TCD,"Mortality caused by road traffic injury (per 100,000 people)",SH.STA.TRAF.P5,,,,,,,,,,,,,,,,,,,,,,,,,,,,,,,,,,,,,,,,,25.5,,,,,25.1,,,,,28.2,,,,,24.3,,,
East Asia & Pacific (IDA & IBRD countries),TEA,"Mortality caused by road traffic injury (per 100,000 people)",SH.STA.TRAF.P5,,,,,,,,,,,,,,,,,,,,,,,,,,,,,,,,,,,,,,,,,20.73920291,,,,,20.33179283,,,,,19.99495747,,,,,19.104077,,,
Europe & Central Asia (IDA & IBRD countries),TEC,"Mortality caused by road traffic injury (per 100,000 people)",SH.STA.TRAF.P5,,,,,,,,,,,,,,,,,,,,,,,,,,,,,,,,,,,,,,,,,15.86346318,,,,,18.60349757,,,,,14.62829292,,,,,13.012328,,,
Togo,TGO,"Mortality caused by road traffic injury (per 100,000 people)",SH.STA.TRAF.P5,,,,,,,,,,,,,,,,,,,,,,,,,,,,,,,,,,,,,,,,,29.2,,,,,31.5,,,,,32.2,,,,,31.9,,,
Thailand,THA,"Mortality caused by road traffic injury (per 100,000 people)",SH.STA.TRAF.P5,,,,,,,,,,,,,,,,,,,,,,,,,,,,,,,,,,,,,,,,,26.5,,,,,29.8,,,,,32.7,,,,,31.7,,,
Tajikistan,TJK,"Mortality caused by road traffic injury (per 100,000 people)",SH.STA.TRAF.P5,,,,,,,,,,,,,,,,,,,,,,,,,,,,,,,,,,,,,,,,,19.7,,,,,19.5,,,,,18.2,,,,,17.6,,,
Turkmenistan,TKM,"Mortality caused by road traffic injury (per 100,000 people)",SH.STA.TRAF.P5,,,,,,,,,,,,,,,,,,,,,,,,,,,,,,,,,,,,,,,,,18.5,,,,,18.9,,,,,18.8,,,,,17.4,,,
Latin America & the Caribbean (IDA & IBRD countries),TLA,"Mortality caused by road traffic injury (per 100,000 people)",SH.STA.TRAF.P5,,,,,,,,,,,,,,,,,,,,,,,,,,,,,,,,,,,,,,,,,16.17224996,,,,,16.94293907,,,,,18.68777533,,,,,19.06710281,,,
Timor-Leste,TLS,"Mortality caused by road traffic injury (per 100,000 people)",SH.STA.TRAF.P5,,,,,,,,,,,,,,,,,,,,,,,,,,,,,,,,,,,,,,,,,19.3,,,,,18.5,,,,,16.9,,,,,17.6,,,
Middle East & North Africa (IDA & IBRD countries),TMN,"Mortality caused by road traffic injury (per 100,000 people)",SH.STA.TRAF.P5,,,,,,,,,,,,,,,,,,,,,,,,,,,,,,,,,,,,,,,,,21.4381546,,,,,23.20263448,,,,,22.56978075,,,,,20.53976299,,,
Tonga,TON,"Mortality caused by road traffic injury (per 100,000 people)",SH.STA.TRAF.P5,,,,,,,,,,,,,,,,,,,,,,,,,,,,,,,,,,,,,,,,,13.4,,,,,12.9,,,,,5.3,,,,,6,,,
South Asia (IDA & IBRD),TSA,"Mortality caused by road traffic injury (per 100,000 people)",SH.STA.TRAF.P5,,,,,,,,,,,,,,,,,,,,,,,,,,,,,,,,,,,,,,,,,15.02596481,,,,,16.46644655,,,,,18.67377038,,,,,19.43917742,,,
Sub-Saharan Africa (IDA & IBRD countries),TSS,"Mortality caused by road traffic injury (per 100,000 people)",SH.STA.TRAF.P5,,,,,,,,,,,,,,,,,,,,,,,,,,,,,,,,,,,,,,,,,26.83441073,,,,,27.26709043,,,,,27.36909775,,,,,27.23656995,,,
Trinidad and Tobago,TTO,"Mortality caused by road traffic injury (per 100,000 people)",SH.STA.TRAF.P5,,,,,,,,,,,,,,,,,,,,,,,,,,,,,,,,,,,,,,,,,13.4,,,,,18.7,,,,,18.7,,,,,13.5,,,
Tunisia,TUN,"Mortality caused by road traffic injury (per 100,000 people)",SH.STA.TRAF.P5,,,,,,,,,,,,,,,,,,,,,,,,,,,,,,,,,,,,,,,,,23.3,,,,,23.1,,,,,23.7,,,,,23,,,
Turkey,TUR,"Mortality caused by road traffic injury (per 100,000 people)",SH.STA.TRAF.P5,,,,,,,,,,,,,,,,,,,,,,,,,,,,,,,,,,,,,,,,,12,,,,,9.1,,,,,7.3,,,,,8.8,,,
Tuvalu,TUV,"Mortality caused by road traffic injury (per 100,000 people)",SH.STA.TRAF.P5,,,,,,,,,,,,,,,,,,,,,,,,,,,,,,,,,,,,,,,,,,,,,,,,,,,,,,,,,,,
Tanzania,TZA,"Mortality caused by road traffic injury (per 100,000 people)",SH.STA.TRAF.P5,,,,,,,,,,,,,,,,,,,,,,,,,,,,,,,,,,,,,,,,,32.3,,,,,31,,,,,31,,,,,33.4,,,
Uganda,UGA,"Mortality caused by road traffic injury (per 100,000 people)",SH.STA.TRAF.P5,,,,,,,,,,,,,,,,,,,,,,,,,,,,,,,,,,,,,,,,,28.6,,,,,29.6,,,,,29.5,,,,,27.3,,,
Ukraine,UKR,"Mortality caused by road traffic injury (per 100,000 people)",SH.STA.TRAF.P5,,,,,,,,,,,,,,,,,,,,,,,,,,,,,,,,,,,,,,,,,13.4,,,,,24.6,,,,,15.1,,,,,9.7,,,
Upper middle income,UMC,"Mortality caused by road traffic injury (per 100,000 people)",SH.STA.TRAF.P5,,,,,,,,,,,,,,,,,,,,,,,,,,,,,,,,,,,,,,,,,20.75777245,,,,,21.13854125,,,,,20.58304228,,,,,19.54853049,,,
Uruguay,URY,"Mortality caused by road traffic injury (per 100,000 people)",SH.STA.TRAF.P5,,,,,,,,,,,,,,,,,,,,,,,,,,,,,,,,,,,,,,,,,16.2,,,,,12.3,,,,,15.8,,,,,17.4,,,
United States,USA,"Mortality caused by road traffic injury (per 100,000 people)",SH.STA.TRAF.P5,,,,,,,,,,,,,,,,,,,,,,,,,,,,,,,,,,,,,,,,,15.5,,,,,15.4,,,,,11.5,,,,,10.8,,,
Uzbekistan,UZB,"Mortality caused by road traffic injury (per 100,000 people)",SH.STA.TRAF.P5,,,,,,,,,,,,,,,,,,,,,,,,,,,,,,,,,,,,,,,,,10.3,,,,,14.1,,,,,12,,,,,10.2,,,
St. Vincent and the Grenadines,VCT,"Mortality caused by road traffic injury (per 100,000 people)",SH.STA.TRAF.P5,,,,,,,,,,,,,,,,,,,,,,,,,,,,,,,,,,,,,,,,,4.6,,,,,8,,,,,3.6,,,,,14.7,,,
"Venezuela, RB",VEN,"Mortality caused by road traffic injury (per 100,000 people)",SH.STA.TRAF.P5,,,,,,,,,,,,,,,,,,,,,,,,,,,,,,,,,,,,,,,,,28.7,,,,,28.1,,,,,40.5,,,,,41.7,,,
British Virgin Islands,VGB,"Mortality caused by road traffic injury (per 100,000 people)",SH.STA.TRAF.P5,,,,,,,,,,,,,,,,,,,,,,,,,,,,,,,,,,,,,,,,,,,,,,,,,,,,,,,,,,,
Virgin Islands (U.S.),VIR,"Mortality caused by road traffic injury (per 100,000 people)",SH.STA.TRAF.P5,,,,,,,,,,,,,,,,,,,,,,,,,,,,,,,,,,,,,,,,,,,,,,,,,,,,,,,,,,,
Vietnam,VNM,"Mortality caused by road traffic injury (per 100,000 people)",SH.STA.TRAF.P5,,,,,,,,,,,,,,,,,,,,,,,,,,,,,,,,,,,,,,,,,23.1,,,,,22.2,,,,,23.5,,,,,24,,,
Vanuatu,VUT,"Mortality caused by road traffic injury (per 100,000 people)",SH.STA.TRAF.P5,,,,,,,,,,,,,,,,,,,,,,,,,,,,,,,,,,,,,,,,,14.2,,,,,14.1,,,,,14.4,,,,,15.2,,,
World,WLD,"Mortality caused by road traffic injury (per 100,000 people)",SH.STA.TRAF.P5,,,,,,,,,,,,,,,,,,,,,,,,,,,,,,,,,,,,,,,,,18.24945532,,,,,18.60864805,,,,,18.49079613,,,,,18.26236115,,,
Samoa,WSM,"Mortality caused by road traffic injury (per 100,000 people)",SH.STA.TRAF.P5,,,,,,,,,,,,,,,,,,,,,,,,,,,,,,,,,,,,,,,,,16.4,,,,,14,,,,,14.6,,,,,15.5,,,
Kosovo,XKX,"Mortality caused by road traffic injury (per 100,000 people)",SH.STA.TRAF.P5,,,,,,,,,,,,,,,,,,,,,,,,,,,,,,,,,,,,,,,,,,,,,,,,,,,,,,,,,,,
"Yemen, Rep.",YEM,"Mortality caused by road traffic injury (per 100,000 people)",SH.STA.TRAF.P5,,,,,,,,,,,,,,,,,,,,,,,,,,,,,,,,,,,,,,,,,20.9,,,,,21.9,,,,,22.4,,,,,22.8,,,
South Africa,ZAF,"Mortality caused by road traffic injury (per 100,000 people)",SH.STA.TRAF.P5,,,,,,,,,,,,,,,,,,,,,,,,,,,,,,,,,,,,,,,,,37.3,,,,,33.2,,,,,25.5,,,,,21.3,,,
Zambia,ZMB,"Mortality caused by road traffic injury (per 100,000 people)",SH.STA.TRAF.P5,,,,,,,,,,,,,,,,,,,,,,,,,,,,,,,,,,,,,,,,,27,,,,,26.7,,,,,27,,,,,24.7,,,
Zimbabwe,ZWE,"Mortality caused by road traffic injury (per 100,000 people)",SH.STA.TRAF.P5,,,,,,,,,,,,,,,,,,,,,,,,,,,,,,,,,,,,,,,,,37.7,,,,,40,,,,,42.4,,,,,45.4,,,
